id,name,age,gender,city
1,Tilda,22,Female,Sa'dah
2,Flossie,19,Female,Banjar Sembunggede
3,Zeke,45,Bigender,Hengfan
4,Quinn,60,Female,Pandan
5,Jolynn,29,Female,Casal da Anja
6,Willey,20,Male,Taloqan
7,Andris,27,Male,Sindangsari
8,Robinia,21,Female,Wabana
9,Kerrie,32,Female,Itarana
10,Maryanna,35,Non-binary,Périgueux
11,Grove,29,Male,Hongtang
12,Rollie,30,Male,Unaí
13,Arte,27,Male,Iwade
14,Edmund,35,Male,Paris La Défense
15,Hadria,24,Female,Kōfu-shi
16,Casey,22,Female,Jiang’an
17,Tonie,32,Female,Yantianhe
18,Cherianne,22,Female,Mosty
19,Fenelia,19,Female,Zhongling
20,Cristabel,42,Female,Łeba
21,Ulla,32,Female,Zungeru
22,Selinda,25,Female,Aksu
23,Lidia,21,Female,Kashar
24,Karlie,25,Female,Banzhong
25,Zora,27,Female,Navan
26,Dari,32,Female,Butuan
27,Martie,20,Male,Eisen
28,Maurita,18,Female,Changsheng
29,Babette,20,Genderqueer,Demak
30,Noelle,33,Female,K’olīto
31,Janek,24,Male,Wādī as Sīr
32,Ignacio,27,Male,Ciriri
33,Nita,36,Female,Traganón
34,Griselda,32,Female,El Triunfo de la Cruz
35,Garv,27,Male,Soko
36,Gates,25,Female,Barkly East
37,Rhetta,56,Female,Tadmur
38,Odille,38,Female,Brzeg Dolny
39,Art,28,Male,Söderhamn
40,Kalil,23,Male,Buturlinovka
41,Adan,20,Male,Paris 19
42,Jerome,24,Male,Alvaiázere
43,Thornton,25,Male,Jeleuk
44,Casey,24,Female,Cerna
45,Henryetta,42,Female,Frederiksberg
46,Thorny,31,Male,Anyuan
47,Barbaraanne,19,Female,Kalepasan
48,Aubrey,26,Male,Niny
49,Trenton,31,Male,Paringin
50,Xaviera,21,Female,Quimistán
51,Adam,29,Male,Libu
52,Giacopo,18,Male,Latacunga
53,Bertram,31,Male,Phoenix
54,Patricio,27,Male,Le Havre
55,Cornelius,26,Male,Taraco
56,Irvine,20,Male,Kongoussi
57,Fons,35,Male,Oslo
58,Harmonie,67,Female,Kut Chap
59,Alexis,22,Male,Apeldoorn
60,Karel,36,Polygender,Olival Basto
61,Barty,40,Male,Sohbatpur
62,Rick,21,Male,Konstantynów Łódzki
63,Gerik,28,Male,Loreto
64,Ronica,37,Female,Albergaria
65,Luciano,27,Genderfluid,Liaoyang
66,Tristan,18,Male,Buenavista
67,Steffane,19,Female,Moravče
68,Holly,18,Male,Huangzhan
69,Goldina,21,Female,Pétange
70,Granger,22,Male,Houxi
71,Terrill,38,Genderfluid,Angoulême
72,Marcello,20,Male,Stockholm
73,Alta,26,Genderfluid,Timbiras
74,Zach,28,Male,Ulcinj
75,Paloma,25,Female,Ibirité
76,Dyanna,37,Female,Mionica
77,Anica,30,Polygender,Gorobinci
78,Clerissa,18,Female,Mariquita
79,Marsiella,26,Female,Oravais
80,Edvard,37,Male,Barlinek
81,Augustine,26,Genderqueer,Pio
82,Uri,44,Male,Regimin
83,Amerigo,46,Male,Lavras da Mangabeira
84,Teri,35,Female,Cantagallo
85,Gloriana,22,Female,Banjar Pekandelan
86,Hercules,38,Male,Natividade
87,Emmalynn,19,Female,Cherryville
88,Shayna,37,Female,Gręboszów
89,Britt,65,Male,Cayambe
90,Karola,19,Female,Gardawice
91,Rozanna,21,Agender,Harrisburg
92,Daffie,18,Female,Mucllo
93,Carlie,64,Male,Mondlo
94,Thedric,38,Male,Panalingaan
95,Celestia,26,Female,Saint-Étienne
96,Aharon,36,Male,Sadowie
97,Perry,26,Male,Düsseldorf
98,Lexie,37,Female,Marigot
99,Erma,37,Female,Václavovice
100,Jo,30,Female,Qabqir
101,Madeline,38,Non-binary,Baitashan
102,Theodor,26,Male,São Francisco do Conde
103,Merrile,22,Female,Kapuan
104,Bunnie,26,Female,Temeke
105,Jessee,31,Male,Eira Nova
106,Vidovik,28,Male,Johogunung
107,Gabriela,38,Female,Peruc
108,Ranna,21,Female,Iaçu
109,Flory,66,Agender,Beidaihehaibin
110,Camel,60,Female,Villa Carlos Paz
111,Tye,32,Male,Färgelanda
112,Clementina,28,Female,Doruchów
113,Seumas,36,Male,Eucaliptus
114,Mickie,20,Female,Ristinummi
115,Rodolfo,28,Male,Palenggihan
116,Hortense,37,Female,Sedayulawas
117,Johnathon,25,Non-binary,Kabarnet
118,Goddard,38,Male,Yuncao
119,Maybelle,24,Genderfluid,Ribeira Seca
120,Symon,32,Male,Mundri
121,Dylan,49,Male,Mmaaf
122,Sandie,20,Female,Vroutek
123,Elysha,20,Female,La Ceja
124,Eleonore,24,Female,Laborde
125,Ferdinand,21,Male,Могила
126,Grace,24,Male,Guernica
127,Jacquelin,24,Female,Staryy Oskol
128,Tracy,19,Female,Cholpon-Ata
129,Morena,40,Female,Guanabacoa
130,Elna,22,Female,Playas
131,Trudie,32,Female,Fier-Çifçi
132,Hal,35,Male,Chelbasskaya
133,Lowell,19,Male,Jargalant
134,Asher,27,Male,Yuqian
135,Minerva,21,Female,San Juan Sacatepéquez
136,Lilli,62,Female,Juru
137,Wilow,32,Female,Ziliang
138,Torrin,19,Male,Njurunda
139,Ike,42,Male,Okegawa
140,Guthrie,28,Male,Tabia
141,Mirabella,24,Female,Cambuga
142,Bud,35,Male,Puamata
143,Daniela,26,Polygender,Cereté
144,Benson,24,Male,Palma De Mallorca
145,Lorraine,38,Female,El Carmen
146,Berkeley,43,Male,Jinjiahe
147,Cassondra,20,Female,Harrisburg
148,Bendicty,32,Polygender,Berlin
149,Dyann,32,Female,Khvānsār
150,Hilde,25,Female,Hongxing
151,Worthy,18,Male,Torkanivka
152,Berni,38,Bigender,Tundagan
153,Falkner,34,Male,Antsiranana
154,Ewell,24,Male,Vannes
155,Jamima,36,Female,Pavlovskaya
156,Maximilianus,32,Male,Wabana
157,Robenia,18,Female,Biasong
158,Jerrilyn,21,Female,Batangafo
159,Gilberto,24,Male,Bandar-e Lengeh
160,Kelley,37,Male,Xiaoxi
161,Andie,33,Female,Shadui
162,Kerwinn,21,Male,Gafargaon
163,Hubey,62,Bigender,Leyuan
164,Sydney,22,Female,Jiucheng
165,Glennie,18,Female,Guhua
166,Orella,32,Bigender,Haiyangsuo
167,Ange,24,Bigender,Strömsund
168,Tadio,18,Male,Trucuk
169,Jonie,28,Female,Picton
170,Vi,21,Bigender,Sauce
171,Angelika,23,Female,Czudec
172,Lyn,36,Female,Gali
173,Salaidh,34,Female,Tía Juana
174,Gale,19,Male,Nowa Góra
175,Theo,34,Female,Port Area
176,Ignacio,33,Male,Cibeureum Kidul
177,Trip,73,Male,Loma Alta
178,Mechelle,43,Female,Chiang Khan
179,Benn,25,Male,Bakungan
180,Patrizio,25,Male,Borås
181,Cesare,34,Male,Laocheng
182,Binni,45,Female,Horní Lideč
183,Karlik,41,Male,Golek
184,Kaiser,22,Genderqueer,Canis
185,Ardyce,31,Non-binary,Cururupu
186,Reagan,42,Male,Riolândia
187,Torin,24,Male,Paderne
188,Aggy,39,Female,Blumenau
189,Kean,28,Male,Ambohitrolomahitsy
190,Hakim,25,Male,Garango
191,Rhianna,24,Female,Sambilawang
192,Lloyd,22,Male,Psary
193,Ashley,28,Female,Rancho Viejo
194,Marthena,37,Female,Santa Cruz
195,Flss,26,Female,Matola
196,Kathryne,20,Female,Nelson
197,Barnebas,44,Polygender,Las Vegas
198,Sumner,20,Male,Meixi
199,Joe,32,Male,Coihaique
200,Gratia,30,Female,Lianhua
201,Melicent,25,Female,Cachoeiro de Itapemirim
202,Gib,31,Male,Songnim
203,Vannie,43,Female,Cadiz
204,Claretta,28,Female,Mikró Monastíri
205,Bastian,34,Genderfluid,Kahnūj
206,Orelie,44,Female,Rovnoye
207,Jayme,23,Female,Bolhos
208,Pincas,26,Male,Sumberrojokrajan
209,Sherwin,27,Male,Ambelókipoi
210,Stephi,35,Female,Juan L. Lacaze
211,Allistir,37,Male,Masoyila
212,Persis,21,Female,Shankeng
213,Dennie,22,Female,San Martin
214,Rafaelita,23,Female,Kaputian
215,Christabel,28,Female,Lakshmīpur
216,Lucie,19,Female,Tomakomai
217,Adele,46,Female,Ulee Gle
218,Matthieu,26,Male,Dapaong
219,Joan,65,Female,Ilinden
220,Orrin,30,Male,Osielsko
221,Rebecca,31,Female,Shibukawa
222,Eadith,34,Female,Seremban
223,Jermaine,30,Male,Желино
224,Abel,33,Male,Yefimovskiy
225,Austine,36,Female,Ondores
226,Samuele,33,Male,Oral
227,Nolan,37,Male,Warri
228,Scarface,18,Male,Wenquan
229,Daisi,33,Female,San José de Jáchal
230,Philippa,27,Female,Ximafang
231,Lucilia,34,Female,Dangchang Chengguanzhen
232,Esra,38,Male,Keboncau
233,Lucine,22,Female,Minneapolis
234,Dacey,28,Female,Sastöbe
235,Arluene,35,Female,Dasongshu
236,Aubrie,33,Agender,Krasnaye
237,Lois,33,Female,Higashine
238,Giacopo,37,Male,Huangyang
239,Lorrayne,43,Female,Świnna
240,Saunders,32,Male,Parizh
241,Celestyna,29,Female,Krajan Karangsari
242,Whitney,33,Non-binary,Enyerhyetykaw
243,Frieda,32,Female,Semīrom
244,Beck,22,Male,Freiria
245,Dinny,33,Female,Jatiwangi
246,Jasmin,31,Female,Changzhi
247,Arielle,23,Genderqueer,Huilong
248,Butch,26,Male,Weitang
249,Lonnie,20,Female,Jarash
250,Wyn,38,Male,Tungao
251,Page,19,Female,Pemex
252,Aurlie,30,Female,Dulce Nombre
253,Franzen,29,Male,Sölvesborg
254,Morten,28,Male,Daxi
255,Hollyanne,28,Female,Trnava
256,Ker,27,Male,Gunungkoneng
257,Garrik,30,Male,Roskoshnyy
258,Indira,27,Female,Kallífytos
259,Moira,37,Female,Kasingan
260,Cordy,35,Genderqueer,Saynshand
261,Freddi,25,Non-binary,Huangshapu
262,Frasquito,34,Male,Malita
263,Francoise,36,Female,Rzgów
264,Clerissa,21,Female,Caringin
265,Erinn,33,Female,Fengtai Chengguanzhen
266,Aleda,22,Female,Barão de Melgaço
267,Noe,26,Male,Tegalbuleud
268,Nickola,40,Male,Kirgili
269,Estele,29,Female,Blagnac
270,Dan,36,Male,Niverville
271,Opaline,24,Female,Langsa
272,Cecile,41,Female,Shakhty
273,Ring,58,Male,Moita
274,Sabina,38,Female,Doksy
275,Bendick,36,Male,Tuzhu
276,Mattheus,38,Male,Krajan Dua Padomasan
277,Chance,27,Male,Maoyang
278,Salvatore,20,Male,Kota Bharu
279,Nappie,26,Male,Karanggeneng
280,Gery,34,Male,Ust-Kamenogorsk
281,Cyrill,32,Male,Yidu
282,Giuseppe,34,Male,Cerro Corá
283,Darrick,21,Male,Järfälla
284,Elysia,25,Female,Gaocun
285,Darya,24,Female,Panggungrejo
286,La verne,26,Female,Corquín
287,Curr,48,Male,Thāru Shāh
288,Timothy,28,Male,Daban
289,Aurora,38,Female,Herceg-Novi
290,Saidee,19,Female,Myronivka
291,Clarie,38,Non-binary,Yazykovo
292,Zed,37,Male,Bambang
293,Denice,31,Female,Alexandria
294,Giacopo,32,Male,Ambar
295,Tanney,39,Male,Skien
296,Thurston,29,Genderqueer,Anār Darah
297,Karlie,28,Bigender,Bailianhe
298,Correy,21,Male,Okpoga
299,Lem,24,Male,Havre-Saint-Pierre
300,Siouxie,33,Female,Shcherbinka
301,Finley,31,Male,Budapest
302,Roanne,20,Female,Xiwang
303,Kissie,46,Female,Otuke
304,Sebastian,19,Male,Phultala
305,Lyda,41,Female,Bistrica pri Tržiču
306,Wenonah,26,Female,Binlod
307,Janette,42,Female,Al Başrah
308,Hanna,37,Female,Kashmor
309,Merline,31,Female,Al Badārī
310,Judie,20,Female,Mougins
311,Alva,46,Male,Jabranti
312,Angus,28,Male,Ozatlán
313,Hortense,20,Female,Neuzina
314,Linnea,17,Female,Poykovskiy
315,Miller,56,Male,Quinta
316,Moshe,29,Male,Okhotsk
317,Richmond,18,Male,Raciążek
318,Keven,21,Male,Laagri
319,Starla,24,Agender,Baoxing
320,Fawne,21,Female,Alverca do Ribatejo
321,Cathrin,19,Female,Kiihtelysvaara
322,Fan,46,Female,Sens
323,Nicko,60,Male,Stockholm
324,Osborn,31,Male,Purificación
325,Bettina,32,Female,Antofagasta
326,Teddy,31,Male,Koa
327,Lemmie,37,Male,Vistino
328,Elijah,33,Male,Březová
329,Maureene,35,Polygender,La Plata
330,Briny,22,Female,Caihe
331,Cooper,24,Male,Trebisht-Muçinë
332,Celina,30,Female,Mamara
333,Wilow,45,Female,Poli
334,Marv,19,Male,Huaqiao
335,Laurens,46,Male,Davyd-Haradok
336,Darcee,26,Female,Saint-Paul
337,Jimmy,44,Male,Karlskrona
338,Tory,23,Female,Bang Krathum
339,Thaine,43,Male,Askersund
340,Venita,31,Bigender,La Paloma
341,Page,70,Female,Hřebeč
342,Sybilla,44,Female,Kurume
343,Roth,37,Male,Pousada
344,Miguel,36,Male,Béoumi
345,Ellwood,41,Male,Kyriáki
346,Talbot,31,Male,Dobra
347,Mortimer,41,Male,Xiamayu
348,Gunilla,19,Female,Calibutbut
349,Yvonne,27,Female,Kota Bharu
350,Ursuline,41,Female,Balingoan
351,Rad,17,Male,Ma‘arrat an Nu‘mān
352,Royall,32,Male,Mangulewa
353,Ronica,19,Female,Fátima
354,Noellyn,33,Female,Delok
355,Tommie,19,Non-binary,Muñoz East
356,Oralla,36,Female,Kampokpok
357,Joane,37,Female,Belisario Dominguez
358,Worthington,24,Male,Codó
359,Krissie,37,Female,Pellegrini
360,Mariann,21,Female,Tembongraja
361,Norene,22,Female,Mixco
362,Gaultiero,24,Male,Outeiro
363,Lebbie,18,Genderfluid,Hachinohe
364,Rora,32,Female,Madrid
365,Brittne,18,Female,Kolomyya
366,Kassie,25,Female,Nancun
367,Jamie,33,Male,Baiyang
368,Bari,22,Female,Shangyuan
369,Bradford,33,Male,Baozi
370,Leonidas,40,Polygender,Khok Sung
371,Lona,21,Female,Papágou
372,Anne,22,Non-binary,Dorogobuzh
373,Audrie,18,Female,Baiquan
374,Tammy,33,Female,Jiangdulu
375,Clementia,22,Female,Kamen’-na-Obi
376,Bartolemo,20,Male,Barentu
377,Rodger,22,Male,Marseille
378,Berthe,33,Female,Loučeň
379,Tamar,41,Female,Namalenga
380,Odelia,18,Female,Wanghu
381,Storm,19,Female,Bantilan
382,Laraine,38,Female,Nis’oni
383,Ondrea,20,Female,Sungai Raya
384,Benedicta,60,Bigender,El Puerto
385,Galvan,21,Male,Sydney
386,Isabella,33,Female,Smętowo Graniczne
387,Stan,37,Male,Paine
388,Ally,24,Female,Airuk
389,Ryon,20,Male,Saari
390,Marve,27,Male,Independencia
391,Yard,20,Male,Cluses
392,Brocky,28,Male,Krajan Pundungsari
393,Gerri,30,Male,Vaulx-en-Velin
394,Grier,24,Female,Tongjin
395,Margalit,24,Female,Ubinskoye
396,Tammie,19,Male,Tomsk
397,Leoine,39,Female,Chaumont
398,Bondie,33,Male,Meliau
399,Alastair,36,Male,Sanxing
400,Sammy,37,Male,Novopokrovskaya
401,Ruby,38,Female,Korostyshiv
402,Amandy,37,Female,Plandirejo
403,Blithe,31,Female,Tugela Ferry
404,Nevil,20,Male,Ovsyanka
405,Carmine,19,Male,Catriló
406,Buck,27,Male,Carcavelos
407,Dennie,37,Female,Citeluk
408,Tadd,18,Male,Quillabamba
409,Noreen,37,Female,Dingbao
410,Johannah,39,Female,Springfield
411,Augustus,26,Male,Magnitka
412,Muhammad,34,Male,Al Masallamiyya
413,Nomi,36,Female,Shinao
414,Aloysius,42,Agender,Chiguang
415,Walton,42,Male,Tegalsari
416,Mac,18,Male,Hongguang
417,Jamaal,23,Male,Tầm Vu
418,Drona,30,Female,Ciguha Tengah
419,Farlay,26,Male,Hobor
420,Alfy,40,Male,Lope de Vega
421,Kanya,25,Female,Irupi
422,Pippo,25,Male,Pigeiros
423,Nolly,18,Male,Tyresö
424,Hansiain,36,Male,Ferreiros
425,Rochella,36,Female,Karangtengah
426,Valentine,36,Male,Seia
427,Jerald,35,Male,Belica
428,Gregg,21,Male,Kresna
429,Gaspar,26,Male,Takaishi
430,Denny,19,Male,Awsīm
431,Pavia,45,Female,Kembang
432,Nonna,32,Female,Wates
433,Lurline,24,Female,Al Jamālīyah
434,Clement,37,Male,Wangi
435,North,26,Male,Perches
436,Eveline,26,Female,Vila Franca
437,Oren,22,Male,Novoanninskiy
438,Nerti,35,Female,København
439,Northrop,30,Male,Hats’avan
440,Demott,34,Male,Vila Verde
441,Morrie,23,Male,Lovas
442,Ashien,37,Female,Malārd
443,Adora,42,Agender,Nkwerre
444,Aurthur,32,Male,Kalinovskaya
445,Zaccaria,31,Male,Shizuoka-shi
446,Davidde,23,Male,Vyshhorod
447,Thedrick,18,Male,Batán
448,Mabelle,33,Bigender,Sydney
449,Wilek,25,Male,Inđija
450,Kermy,33,Male,Az Zubaydāt
451,Aldwin,36,Male,Pinara
452,Misty,30,Female,Nizao
453,Lorenza,29,Polygender,Parigi
454,Hetti,19,Female,Kogon
455,Bevon,26,Male,Bebedouro
456,Andrus,18,Male,Monticello
457,Desiri,43,Female,Huangshi
458,Kelley,19,Male,Karanyowka
459,Martyn,39,Male,Cikadongdong
460,Adore,66,Female,Shangshuai
461,Sid,21,Non-binary,Bago City
462,Trstram,35,Non-binary,Bayart Huxu
463,Glen,26,Male,Vera Cruz
464,Johnath,19,Female,Kurumoch
465,Lia,26,Female,Lameiro
466,Eugenio,22,Male,Sv. Trojica v Slov. Goricah
467,Wheeler,19,Male,Barra Mansa
468,Alf,29,Male,Adelaide Mail Centre
469,Mahmud,19,Male,Funchal
470,Mavis,31,Female,Kaum Kaler
471,Joshuah,21,Male,Tongqiao
472,Gustaf,24,Male,Nýdek
473,Jocelin,33,Non-binary,Shinpokh
474,Gerrilee,24,Female,Pasirpengarayan
475,Gwennie,35,Female,Bedayu
476,Luke,29,Male,Tanda
477,Ilyse,29,Female,Cái Dầu
478,Anthia,44,Female,Al Ḩajar al Aswad
479,Kori,20,Female,Kanaya
480,Tawnya,35,Female,Turinsk
481,Marijo,28,Female,Las Lajas
482,Loren,29,Male,Paris 20
483,Burl,24,Male,Igir-igir
484,Christian,33,Female,Ts’khinvali
485,Bone,18,Bigender,Sangkulirang
486,Llewellyn,31,Male,Communal
487,Pete,37,Male,Teykovo
488,Minna,19,Female,Sancha
489,Ibrahim,24,Male,Liangli
490,Noell,37,Female,Siumate
491,Steffen,27,Male,Bohai
492,Nickolaus,18,Male,Buhe
493,Rainer,22,Male,Hetang
494,Ambrosi,20,Male,Marshintsy
495,Patty,23,Female,Lucma
496,Albertina,37,Female,Kuttu
497,Zaneta,42,Female,Bouctouche
498,Filberto,34,Male,Étampes
499,Savina,34,Female,Edinburgh of the Seven Seas
500,Mickie,30,Male,Turus
501,Cathrin,22,Female,Qinhong
502,Staford,26,Male,Palana
503,Arvie,17,Genderfluid,Uummannaq
504,Lorette,25,Female,Embu
505,Ambros,34,Male,Melchor Ocampo
506,Hamel,25,Male,Tanzhesi
507,Dougie,20,Male,Lubango
508,Cordelia,22,Female,Port-de-Paix
509,Hansiain,28,Male,Pengbu
510,Pauline,33,Female,Skelivka
511,Holly,29,Female,Tríkala
512,Ange,27,Female,Nesovice
513,Christian,23,Female,Bulgan
514,Bernardine,34,Female,Kubang
515,Amber,23,Female,Xinyang
516,Benjamin,30,Male,Barranquilla
517,Shayne,37,Male,Komsomol’s’ke
518,Rafe,21,Genderfluid,Punta Alta
519,Bryon,25,Male,San Patricio
520,Auria,18,Female,Chiang Yuen
521,Kyla,24,Female,Březí
522,Candace,27,Genderfluid,Imaichi
523,Walt,24,Male,Bašaid
524,Johnathan,40,Male,Correia Pinto
525,Natasha,33,Female,Baro
526,Lissi,17,Female,Kosava
527,Renata,36,Female,Skhira
528,Randene,20,Female,Thạnh Mỹ
529,Tracie,32,Female,Jincang
530,Amargo,38,Female,Wonokromo
531,Nerita,18,Female,Sukadana
532,Baron,31,Male,Granja
533,Leicester,21,Male,Khosta
534,Alisa,39,Female,Tabouda
535,Curr,27,Male,Manzë
536,Yurik,32,Male,Avesta
537,Mort,73,Male,Samburat
538,Chevalier,25,Male,Vitina
539,Marcie,38,Female,Fandriana
540,Robbie,31,Bigender,Göteborg
541,Padgett,42,Male,Syriam
542,Cristian,19,Male,Villa Nueva
543,Ulrike,20,Female,Dianshui
544,Bernetta,31,Female,San Luis Jilotepeque
545,Gannon,24,Male,Drásov
546,Taber,23,Non-binary,Florencio Sánchez
547,Rhoda,24,Female,Jiangkou
548,Maude,60,Female,Jiancheng
549,Crissie,23,Genderfluid,Karlskrona
550,Shannon,23,Female,Şabrātah
551,Launce,37,Male,Segong
552,Ingaberg,20,Female,Myhiya
553,Grant,36,Male,Valenciennes
554,Upton,22,Male,Hatava
555,Isac,19,Male,Enewetak
556,Currey,22,Male,Steinkjer
557,Case,18,Male,Ballymahon
558,Amandi,22,Genderfluid,Yên Bái
559,Bertha,35,Female,Montélimar
560,David,30,Male,Curuzú Cuatiá
561,Isidro,24,Male,Piotrków Kujawski
562,Jamal,33,Male,Benito Juarez
563,Gabriel,19,Female,Glugur Krajan
564,Nichole,32,Male,McKinley
565,Krispin,73,Genderfluid,Betioky
566,Brinn,26,Female,Ōarai
567,Stafford,26,Male,Bagani
568,Elfreda,32,Female,Gabao
569,Abigail,35,Female,Polloc
570,Ondrea,45,Female,Koroyo
571,Constantine,37,Female,Asan-Maina Village
572,Nobie,20,Male,Izumi
573,Filmore,23,Male,Anchorage
574,Whitney,22,Female,Baltimore
575,Adaline,29,Female,Mangaran
576,Elisha,21,Male,Los Boquerones
577,Randy,28,Female,Krajan Dermawuharjo
578,Marlow,22,Male,Sarana
579,Agnola,21,Female,Lezhë
580,Mordy,27,Male,Kaburon
581,Jamil,21,Polygender,Aba
582,Paquito,25,Male,Darfield
583,Tedman,33,Polygender,Santa Cecília
584,Bevvy,48,Genderqueer,Mingshuihe
585,Berrie,40,Female,Made
586,Cecilius,19,Male,Oranjestad
587,Ashly,41,Female,Jacksonville
588,Regan,37,Female,Chiba
589,Janela,45,Female,Skien
590,Rosalie,36,Female,Njurunda
591,Rois,26,Female,Songhu
592,Louis,30,Male,Duozhu
593,Aileen,33,Female,Kouloúra
594,Shandie,32,Bigender,Lingshan
595,Evy,30,Female,Beaufort
596,Jon,22,Male,la Massana
597,Travis,21,Agender,Promissão
598,Giusto,22,Male,Mölndal
599,Sibelle,29,Female,Huchang
600,Rori,41,Female,Yekimovichi
601,Myrtie,27,Female,Taiyang
602,Gordy,28,Genderqueer,Az̧ Z̧alī‘ah
603,Ravid,27,Male,Somanda
604,Maggie,22,Female,Uppsala
605,Baxter,27,Male,Mairinque
606,Dominic,21,Male,Geneina
607,Katherina,30,Female,Jām Sāhib
608,Barnebas,27,Male,Shanghuang
609,Silvain,38,Male,Lanhe
610,Avie,19,Female,Obigarm
611,Tansy,31,Female,Krasnoye
612,Rani,17,Female,Annecy-le-Vieux
613,Eachelle,34,Female,Evansville
614,Renelle,32,Female,Virojoki
615,Rowland,19,Genderfluid,Staraya Stanitsa
616,Sarah,23,Female,Napoli
617,Herold,18,Male,Nysa
618,Andriette,23,Female,Mueang Nonthaburi
619,Joe,34,Male,Belo
620,Tonnie,45,Male,Legrada
621,Trevor,34,Male,Beaverlodge
622,Rosco,45,Male,Mabuhay
623,Juliet,25,Female,Huddinge
624,Fernande,28,Female,Xiaopu
625,Cristal,41,Female,Wręczyca Wielka
626,Doyle,31,Male,Český Těšín
627,Baxy,28,Male,Ennery
628,Dorey,30,Female,Põltsamaa
629,Benjamin,22,Male,Botou
630,Minor,34,Male,Depapre
631,Correy,19,Male,Piritiba
632,Katusha,37,Agender,Kui Buri
633,Orson,26,Male,Radoboj
634,Jaime,39,Male,Huangjiabu
635,Brittney,31,Female,Magdug
636,Clementina,45,Female,Rudnyy
637,Henrieta,21,Female,Breda
638,Arny,36,Male,Rudnyy
639,Had,24,Male,Pojok
640,Ricki,34,Male,Paragominas
641,Leonid,26,Genderqueer,Nirasaki
642,Morse,25,Male,Kallíthiron
643,James,34,Male,Bratislava
644,Saundra,19,Male,Sieniawa
645,Xylina,41,Agender,Qifang
646,Terza,37,Female,Kímolos
647,Van,25,Female,Las Tablas
648,Cherida,21,Female,Trelew
649,Clifford,25,Male,Shūsh
650,Almira,45,Female,Tópaga
651,Levi,34,Male,Sukaratu
652,Konstantin,19,Male,Wenheng
653,Catha,35,Female,Ursus
654,Trudey,18,Female,Kraslice
655,Adelice,60,Female,Jhumra
656,Viviyan,34,Polygender,Tosu
657,Nelle,19,Bigender,Caxito
658,Rosemonde,37,Female,Chapadinha
659,Viki,26,Genderfluid,Horní Bříza
660,Brittan,33,Female,Opi
661,Tish,38,Female,Lasi Dua
662,Rozelle,45,Genderfluid,Calauag
663,Helena,21,Female,Syamzha
664,Joya,23,Female,Empedrado
665,Denny,29,Male,Karlstad
666,Stuart,19,Male,Jinkou
667,Nico,25,Male,Girsereng
668,Russ,34,Male,Tanniu
669,Weylin,26,Male,Zhoutian
670,Ronna,37,Female,Luleå
671,Debee,25,Female,Baklashi
672,Davon,31,Male,Krajan Jamprong
673,Pia,40,Female,Butel
674,Kata,31,Female,Gubo
675,Georgianna,30,Female,Motala
676,Arlan,38,Male,Shchëkino
677,Elora,38,Female,Puconci
678,Jere,18,Genderfluid,Hulu
679,Gregor,23,Male,Feilaixia
680,Tymon,33,Male,Xinye
681,Silva,36,Female,Qīr Moāv
682,Cristy,32,Female,Bagay
683,Granville,23,Male,Oneop
684,Dud,26,Male,Bègles
685,Nicky,22,Female,Moshiyi
686,Moses,62,Male,Colorado Springs
687,Quentin,38,Male,Bayt ‘Awwā
688,Danica,20,Female,Faisalābād
689,Angelle,30,Genderqueer,Ashibetsu
690,Orelle,17,Female,Kedungwringin Satu
691,Ado,41,Male,Emiliano Zapata
692,Mathe,30,Male,Guocun
693,Lauren,26,Male,Patrang
694,Tracie,45,Female,Gadang
695,Igor,18,Male,Dalazi
696,Mike,21,Male,Xinhui
697,Amabelle,21,Female,Lajeado
698,Bevvy,41,Female,Oeiras
699,Chadd,33,Male,Straldzha
700,Delia,24,Female,Quốc Oai
701,Cassondra,26,Female,Xinlong
702,Torin,37,Male,Muranovo
703,Laverne,17,Female,Hangkou
704,Melodie,21,Non-binary,Penhascoso
705,Cos,32,Male,Joroinen
706,Tann,25,Male,Saint-Louis
707,Maryann,21,Female,Banhā
708,Brose,18,Male,Carriedo
709,Nina,45,Female,Meicheng
710,Gav,39,Male,Kobylanka
711,Rosemary,33,Female,Gubin
712,Kristi,27,Female,Haarlem
713,Daphene,43,Female,Futu
714,Graehme,19,Male,Ts’khinvali
715,Dewain,19,Male,Curumaní
716,Elihu,24,Male,Cambita Garabitos
717,Ewart,20,Male,Miliangju
718,Vinita,19,Female,Langpas
719,Kassie,24,Female,Velykyi Bereznyi
720,Mora,21,Female,Nanmu
721,Forbes,19,Male,Kilimatinde
722,Bibby,36,Female,Kopychyntsi
723,Vale,21,Male,Draginje
724,Erskine,46,Male,Caraballeda
725,Goddard,36,Male,Garça
726,Banky,22,Male,Zharrëz
727,Theresita,19,Female,Santiago del Estero
728,Glenine,27,Female,Yuecheng
729,Anna-diana,18,Female,Trubchevsk
730,Ashla,43,Female,Panjerrejo
731,Efren,22,Male,Jiuli
732,Ninnetta,65,Female,Bokor
733,Cchaddie,31,Male,Iniö
734,Minor,38,Male,Novo-Nikol’skoye
735,Mavra,45,Female,Huangtu
736,Elysia,36,Female,Żernica
737,Eberhard,29,Male,Lusambo
738,Cloe,34,Female,Finspång
739,Chrissy,38,Male,Chasŏng
740,Devi,23,Female,Gualmatán
741,Elwin,49,Male,Dongbei
742,Christan,18,Female,Ma’an
743,Marius,26,Male,Hazlov
744,Cosetta,26,Female,La Paz Centro
745,Tremaine,20,Genderqueer,Ciparasi
746,Sharyl,21,Female,Erdenet
747,Lorena,22,Female,Bunawan
748,Chicky,43,Male,Muromtsevo
749,Ingamar,35,Male,Rājshāhi
750,Abrahan,25,Male,Bontoc
751,Trula,24,Agender,Xingang
752,Mickey,30,Male,Noeltoko
753,Emmye,27,Female,Yima
754,Loydie,39,Male,La Paz de Oriente
755,Mae,26,Female,Serrana
756,Mead,29,Female,Akouda
757,Stormie,33,Female,Aachen
758,Hugh,44,Male,Karlobag
759,Nollie,34,Male,Abū Sunbul
760,Lin,35,Female,Hongjiang
761,Osgood,21,Male,Lewoduli
762,Billi,23,Female,Dębowa Łąka
763,Karee,34,Female,Had Kourt
764,Marabel,35,Female,Hengshanqiao
765,Irving,28,Male,Cobre
766,Perl,18,Female,Graz
767,Lucienne,27,Polygender,Tegalwero
768,Cele,20,Female,Oeiras
769,Rutledge,41,Male,Kangmei
770,Jammie,40,Female,Mali
771,Letizia,35,Female,Zhouzai
772,El,26,Non-binary,Ponte Nova
773,Kirk,44,Male,Pasirpengarayan
774,Marcelo,28,Male,Javorník
775,Madeline,21,Female,Opinogóra Górna
776,Christalle,23,Female,Asahikawa
777,Aubert,19,Male,Hetian
778,Oliy,36,Bigender,Sapporo
779,Ariela,18,Female,Dana
780,Madelle,33,Female,Chengnan
781,Tedra,20,Female,Yaozhuang
782,Chlo,24,Genderqueer,Flen
783,Townie,32,Male,Nanxing
784,Charles,42,Male,Xinji
785,Arnie,28,Male,Qo’ng’irot Shahri
786,Germayne,25,Bigender,Guacara
787,Trudi,21,Female,Banjar Bongangede
788,Kai,28,Bigender,Verkhnyaya Toyma
789,Gilbertina,36,Female,Dayangzhou
790,Maxy,43,Male,Кондово
791,Haley,28,Male,Nueve de Julio
792,Ivett,19,Genderfluid,Sardoal
793,Tripp,29,Male,Yi’an
794,Obediah,29,Male,Durazno
795,Shep,18,Bigender,Suḩayl Shibām
796,Krissy,46,Female,Juripiranga
797,Viva,31,Female,Lijiaping
798,Fabien,44,Male,Arapongas
799,Clarie,25,Female,Khān Neshīn
800,Sigismund,28,Male,Detusoko
801,Cherianne,22,Female,Hekou
802,Phillipp,29,Male,Cuauhtemoc
803,Marcile,44,Female,Jambesari
804,Genevieve,27,Female,Šabac
805,Mimi,35,Female,Stord
806,Devland,33,Male,Longshan
807,Lynnelle,33,Female,Hamamatsu
808,Demetris,19,Male,Tongyangdao
809,Shela,37,Female,Sundsvall
810,Johnny,33,Male,Ariana
811,Elwood,30,Male,Dogondoutchi
812,Aldin,26,Male,Ban Ko Lan
813,Cristobal,36,Male,Shijing
814,Nalani,26,Polygender,Xin Bulag
815,Ingra,34,Male,Turka
816,Ally,32,Female,Thawat Buri
817,Jennifer,29,Female,Borodinskiy
818,Abdel,22,Male,Delicias
819,Evered,28,Male,Shangjin
820,Bradly,27,Male,Batumi
821,Trescha,19,Female,Samparna
822,Amble,19,Male,Mattawa
823,Tomas,42,Male,Kuzhu
824,Kingsley,18,Male,Gritsovskiy
825,Paxon,37,Male,Aksu
826,Sibbie,34,Female,Magumeri
827,Barbey,37,Genderfluid,Tomado
828,Cherish,29,Genderqueer,Qadsīyā
829,Dolph,22,Bigender,Cabo Frio
830,Vita,26,Female,Mala Danylivka
831,Olav,35,Genderqueer,Tenggina Daya
832,Gabie,46,Male,Pindi Bhattiān
833,Gayla,37,Female,Puente Alto
834,Dahlia,39,Polygender,Mishixiang
835,Grantley,22,Bigender,Mashi
836,Kristin,35,Female,Ortiga
837,Web,38,Male,Za‘tarah
838,Nichols,20,Male,Bafoulabé
839,Matt,25,Male,Uyen Hung
840,Augustin,22,Male,Calinog
841,Charlene,38,Female,Zhoutian
842,Reece,26,Male,Huangqiao
843,Cary,22,Male,Maojiagang
844,Lancelot,29,Male,Ainaro
845,Kerianne,27,Polygender,Tytuvėnėliai
846,Brigit,19,Female,Carregal
847,Florella,19,Female,Polovinnoye
848,Ollie,18,Male,Kalidawe
849,Rochell,29,Female,Lyon
850,Adan,35,Female,Lazaro Cardenas
851,Currey,19,Male,Chengxi
852,Edith,26,Female,Birqīn
853,Almeta,63,Female,Mir
854,Peggie,28,Female,Minūf
855,Penny,22,Bigender,Buyun
856,Emmie,38,Female,Cametá
857,Bil,38,Male,Sil-li
858,Simonne,38,Female,Al Majd
859,Valencia,30,Female,Newport News
860,Jamill,18,Male,Nara-shi
861,Lynda,36,Female,Taraju
862,Lucien,63,Male,Eadestown
863,Josepha,42,Female,Ulme
864,Peyter,25,Male,Az Zintān
865,Madelina,18,Female,Cabimas
866,Sheridan,22,Male,Kuandian
867,Faulkner,40,Male,Mandal
868,Nevil,41,Male,Abovyan
869,Gordan,29,Male,Wang Yang
870,Frank,42,Male,Kudusan
871,Tuck,24,Male,Al Wardānīn
872,Vassily,20,Male,Paris 19
873,Berkeley,25,Male,Badeggi
874,Zandra,37,Female,Qiongshan
875,Cathyleen,29,Female,Askiz
876,Vidovik,21,Male,San Ignacio
877,Selinda,65,Female,Duran
878,Ardath,24,Female,Rey
879,Tilda,30,Female,Sedinginan
880,Stanislaus,19,Male,Łąka Prudnicka
881,Carin,26,Female,Khōshī
882,Emmerich,30,Male,Pondokrejo Wetan
883,Darill,31,Polygender,Tršić
884,Addy,22,Female,Muzi
885,Broddie,22,Male,Sandakan
886,Cris,27,Female,Shevchenkove
887,Sondra,25,Female,Diang
888,Maddy,20,Female,Al Lagowa
889,Willabella,18,Female,Cizhu
890,Theodoric,29,Non-binary,Ros’
891,Rasla,30,Female,Pancol
892,Bernete,26,Female,Baru
893,Tildi,42,Female,Drosiá
894,Kennie,43,Male,Jinfeng
895,Horten,66,Male,Angus
896,Miguela,22,Female,Campinas
897,Tybi,35,Female,Wuma
898,Kelcey,21,Female,Dingzigu
899,Revkah,22,Female,San Francisco
900,Alene,28,Female,Boketu
901,Brandy,29,Male,São Manços
902,Margaretta,38,Female,Itápolis
903,Sergent,21,Male,Winnica
904,Jefferey,18,Male,Dillenburg
905,Nils,20,Male,Zhoukou
906,Nicholas,20,Male,Dū Qal‘ah
907,Susie,38,Female,Jitian
908,Arni,33,Male,Gabès
909,Toma,31,Female,Oviedo
910,Carolus,30,Male,Jatisari
911,Ashlan,38,Female,Siekierczyn
912,Natalya,36,Polygender,Cikole
913,Joell,28,Female,Vale da Pedra
914,Cammy,37,Male,Fushë-Bulqizë
915,Tracy,38,Female,Cujillo
916,Stacie,21,Female,Portarlington
917,Kaleb,36,Male,Xinpu
918,Mel,21,Male,Wschowa
919,Cody,51,Bigender,Hamilton
920,Colas,37,Male,Tambovka
921,Dalia,38,Female,Castelo
922,Randolph,26,Male,Leticia
923,Donnajean,20,Female,Cijambe
924,Darelle,39,Female,Hino
925,Adaline,46,Female,Wilmington
926,Antony,63,Male,Tranås
927,Waylan,35,Male,Seia
928,Corbett,24,Male,Lincheng
929,Wayne,36,Male,Trzebnica
930,Robbie,24,Male,Ledenice
931,Concettina,20,Female,Huurch
932,Yoshiko,19,Female,Oka
933,Katya,34,Female,Góra Kalwaria
934,Yard,23,Male,Dunlewy
935,Hershel,34,Male,Enköping
936,Kinsley,34,Male,Huangzhuang
937,Sallee,33,Female,Caspisapa
938,Vernen,20,Male,Balayong
939,Ervin,27,Male,Argel
940,Austina,33,Female,Charenton-le-Pont
941,Wat,33,Male,Memória
942,Clevie,27,Male,Sobeok
943,Vasilis,44,Male,Weixin
944,Randee,35,Female,Montesson
945,Phillip,33,Male,Dong’ao
946,Dedie,36,Bigender,Lingzhi
947,Kippy,22,Male,Vitali
948,Vallie,57,Female,Drakino
949,Harriett,19,Polygender,Duli
950,Blakelee,17,Female,Sacramento
951,Bryana,22,Female,Jianshan
952,Borden,21,Polygender,Camiling
953,Hanan,42,Male,Semongkat
954,Elysee,18,Female,Serrinha
955,Jodee,25,Female,Perzów
956,Joelynn,29,Female,Caçapava
957,Taddeusz,20,Male,Lucapon
958,Charyl,28,Bigender,Canala
959,Aubrey,41,Male,Yaroslavskaya
960,Camella,24,Female,Nyamanari
961,Augusto,23,Male,Muarabuliti
962,Rebecca,20,Non-binary,Zolotonosha
963,Baron,23,Male,El Quebrachal
964,Alasteir,19,Male,Banjar Pekandelan
965,Robyn,18,Female,Vyšší Brod
966,Cass,35,Agender,Wonokerto
967,Stefa,21,Female,Bani
968,Lewiss,19,Male,Poggio di Chiesanuova
969,Elaine,20,Female,Xingtai
970,Aldric,38,Male,Cavan
971,Annmarie,29,Female,Junbu
972,Grantham,29,Male,Barentu
973,Herb,21,Male,Dili
974,Freeland,22,Male,Pajarillo
975,Shae,27,Male,Pushkin
976,Read,23,Male,Nałęczów
977,Arnold,32,Male,Beiling
978,Rickie,18,Female,Houston
979,Marcela,37,Female,Jatiraya
980,Holly,32,Polygender,Farrokh Shahr
981,Florian,36,Male,Lakbok
982,Terrijo,23,Female,Emmen
983,Leupold,19,Male,Plei Kần
984,Florrie,29,Female,Longhua
985,Reba,26,Female,Bherāmāra
986,Deana,60,Female,Nackawic
987,Fredric,26,Genderfluid,Néa Tríglia
988,Bartholemy,18,Male,Jingzi
989,Webb,30,Male,Qarqīn
990,Friedrick,23,Male,Bunisari
991,Mata,24,Male,Milwaukee
992,Marshal,20,Male,Marseille
993,Chad,34,Male,Tazouta
994,Chaim,39,Male,Kant
995,Godwin,50,Male,Galimuyod
996,Helen,34,Female,Glinka
997,Matt,35,Polygender,Jishui
998,Zebedee,42,Male,Shibīn al Qanāţir
999,Helga,43,Female,La Laguna
1000,Maris,30,Agender,Kruty
